"age","year","gender","healthy","unhealthy","CI_low_healthy","CI_up_healthy","CI_low_unhealthy","CI_up_unhealthy","country"
"50-55",2015,"woman",0.475494191039511,0.524505808960489,0.441323794065886,0.509664588013136,0.490335411986864,0.558676205934114,"China"
"55-60",2015,"woman",0.356155262779532,0.643844737220468,0.318923798627999,0.393386726931066,0.606613273068934,0.681076201372001,"China"
"60-65",2015,"woman",0.310584514522809,0.689415485477191,0.283759036508027,0.337409992537591,0.662590007462409,0.716240963491973,"China"
"65-70",2015,"woman",0.296928282039993,0.703071717960007,0.266698998545318,0.327157565534668,0.672842434465331,0.733301001454682,"China"
"70-75",2015,"woman",0.228026902371526,0.771973097628474,0.191865573437501,0.26418823130555,0.73581176869445,0.808134426562499,"China"
"75-80",2015,"woman",0.317713515271494,0.682286484728506,0.257157614088162,0.378269416454826,0.621730583545174,0.742842385911838,"China"
"80+",2015,"woman",0.296731509885316,0.703268490114684,0.243510891056163,0.349952128714469,0.650047871285531,0.756489108943837,"China"
"50-55",2015,"man",0.530768166701742,0.469231833298258,0.494918466054438,0.566617867349046,0.433382132650954,0.505081533945562,"China"
"55-60",2015,"man",0.491727575440903,0.508272424559097,0.455689046221667,0.527766104660139,0.472233895339861,0.544310953778333,"China"
"60-65",2015,"man",0.410122891296455,0.589877108703545,0.3781799556891,0.44206582690381,0.55793417309619,0.6218200443109,"China"
"65-70",2015,"man",0.358003261028861,0.641996738971139,0.324465382218128,0.391541139839594,0.608458860160406,0.675534617781872,"China"
"70-75",2015,"man",0.319056251698838,0.680943748301162,0.27749589529577,0.360616608101905,0.639383391898095,0.72250410470423,"China"
"75-80",2015,"man",0.289900530366658,0.710099469633342,0.240478075698549,0.339322985034767,0.660677014965233,0.759521924301451,"China"
"80+",2015,"man",0.281198541074319,0.718801458925681,0.200411222010015,0.361985860138622,0.638014139861378,0.799588777989985,"China"
"50-55",2014,"woman",0.308640334,0.691359666,0.222038669,0.395242,0.604758,0.777961331,"US"
"55-60",2014,"woman",0.36504962,0.63495038,0.336435742,0.393663498,0.606336502,0.663564258,"US"
"60-65",2014,"woman",0.290364183,0.709635817,0.263875924,0.316852441,0.683147559,0.736124076,"US"
"65-70",2014,"woman",0.210256146,0.789743854,0.18009025,0.240422042,0.759577958,0.81990975,"US"
"70-75",2014,"woman",0.121349892,0.878650108,0.100554761,0.142145023,0.857854977,0.899445239,"US"
"75-80",2014,"woman",0.109570941,0.890429059,0.092722681,0.126419201,0.873580799,0.907277319,"US"
"80+",2014,"woman",0.087191203,0.912808797,0.074516457,0.09986595,0.90013405,0.925483543,"US"
"50-55",2014,"man",0.445495025,0.554504975,0.309168033,0.581822016,0.418177984,0.690831967,"US"
"55-60",2014,"man",0.452980265,0.547019735,0.419349348,0.486611183,0.513388817,0.580650652,"US"
"60-65",2014,"man",0.3383104,0.6616896,0.30429951,0.372321289,0.627678711,0.69570049,"US"
"65-70",2014,"man",0.229402649,0.770597351,0.199401544,0.259403755,0.740596245,0.800598456,"US"
"70-75",2014,"man",0.162741119,0.837258881,0.129660823,0.195821416,0.804178584,0.870339177,"US"
"75-80",2014,"man",0.100653921,0.899346079,0.081187444,0.120120398,0.879879602,0.918812556,"US"
"80+",2014,"man",0.09272013,0.90727987,0.070834112,0.114606148,0.885393852,0.929165888,"US"
"50-55",2015,"woman",0.722304078559175,0.277695921440825,0.671172669547785,0.773435487570565,0.226564512429435,0.328827330452215,"England"
"55-60",2015,"woman",0.491056116871867,0.508943883128133,0.443037487927784,0.539074745815949,0.460925254184051,0.556962512072216,"England"
"60-65",2015,"woman",0.429399287032997,0.570600712967003,0.39400487177051,0.464793702295484,0.535206297704516,0.60599512822949,"England"
"65-70",2015,"woman",0.329984857016667,0.670015142983333,0.298132435003225,0.361837279030109,0.638162720969891,0.701867564996775,"England"
"70-75",2015,"woman",0.262490486879075,0.737509513120925,0.228583572190258,0.296397401567892,0.703602598432108,0.771416427809742,"England"
"75-80",2015,"woman",0.243173738057818,0.756826261942182,0.207849617931273,0.278497858184363,0.721502141815637,0.792150382068727,"England"
"80+",2015,"woman",0.170093295270178,0.829906704729822,0.139140802963887,0.201045787576469,0.798954212423531,0.860859197036113,"England"
"50-55",2015,"man",0.764758257001873,0.235241742998127,0.709633185056458,0.819883328947287,0.180116671052713,0.290366814943542,"England"
"55-60",2015,"man",0.608562360641991,0.391437639358009,0.556222241872186,0.660902479411796,0.339097520588204,0.443777758127814,"England"
"60-65",2015,"man",0.512909266818927,0.487090733181073,0.473763015045688,0.552055518592167,0.447944481407833,0.526236984954312,"England"
"65-70",2015,"man",0.415241084650924,0.584758915349076,0.377724820033613,0.452757349268235,0.547242650731765,0.622275179966388,"England"
"70-75",2015,"man",0.324963199476069,0.675036800523931,0.285211847690148,0.36471455126199,0.63528544873801,0.714788152309852,"England"
"75-80",2015,"man",0.259661769314727,0.740338230685273,0.219179394392137,0.300144144237317,0.699855855762683,0.780820605607863,"England"
"80+",2015,"man",0.202750407348447,0.797249592651553,0.165489747615548,0.240011067081347,0.759988932918653,0.834510252384452,"England"
"50-55",2015,"woman",0.784940118,0.215059882,0.730637973,0.839242264,0.160757736,0.269362027,"Korea"
"55-60",2015,"woman",0.71196608,0.28803392,0.674699379,0.749232782,0.250767218,0.325300621,"Korea"
"60-65",2015,"woman",0.51722602,0.48277398,0.472730611,0.561721428,0.438278572,0.527269389,"Korea"
"65-70",2015,"woman",0.410915644,0.589084356,0.366696187,0.4551351,0.5448649,0.633303813,"Korea"
"70-75",2015,"woman",0.302081712,0.697918288,0.264155931,0.340007493,0.659992507,0.735844069,"Korea"
"75-80",2015,"woman",0.292612296,0.707387704,0.252292658,0.332931934,0.667068066,0.747707342,"Korea"
"80+",2015,"woman",0.2717544,0.7282456,0.235835256,0.307673543,0.692326457,0.764164744,"Korea"
"50-55",2015,"man",0.842224139,0.157775861,0.785923058,0.89852522,0.10147478,0.214076942,"Korea"
"55-60",2015,"man",0.782069777,0.217930223,0.743197539,0.820942014,0.179057986,0.256802461,"Korea"
"60-65",2015,"man",0.660412541,0.339587459,0.613224738,0.707600345,0.292399655,0.386775262,"Korea"
"65-70",2015,"man",0.551421909,0.448578091,0.503856813,0.598987006,0.401012994,0.496143187,"Korea"
"70-75",2015,"man",0.502171965,0.497828035,0.450873547,0.553470383,0.446529617,0.549126453,"Korea"
"75-80",2015,"man",0.436847238,0.563152762,0.386190634,0.487503842,0.512496158,0.613809366,"Korea"
"80+",2015,"man",0.395572484,0.604427516,0.340541653,0.450603316,0.549396684,0.659458347,"Korea"
"50-55",2017,"woman",0.74921982974573,0.25078017025427,0.735736624709242,0.762703034782218,0.237296965217781,0.264263375290759,"India"
"55-60",2017,"woman",0.702520068593057,0.297479931406943,0.687770990295151,0.717269146890963,0.282730853109037,0.312229009704849,"India"
"60-65",2017,"woman",0.687977965592685,0.312022034407315,0.672976465454534,0.702979465730836,0.297020534269164,0.327023534545465,"India"
"65-70",2017,"woman",0.660646353785279,0.339353646214721,0.643720723080164,0.677571984490393,0.322428015509607,0.356279276919836,"India"
"70-75",2017,"woman",0.634010337424143,0.365989662575857,0.612280258242853,0.655740416605433,0.344259583394567,0.387719741757147,"India"
"75-80",2017,"woman",0.635667572243075,0.364332427756925,0.607903862576518,0.663431281909632,0.336568718090368,0.392096137423482,"India"
"80+",2017,"woman",0.693765647711213,0.306234352288787,0.667858376004718,0.719672919417709,0.280327080582291,0.332141623995283,"India"
"50-55",2017,"man",0.783298427922407,0.216701572077593,0.76904969510593,0.797547160738885,0.202452839261115,0.23095030489407,"India"
"55-60",2017,"man",0.746296996781562,0.253703003218438,0.730252105610298,0.762341887952827,0.237658112047173,0.269747894389702,"India"
"60-65",2017,"man",0.710567038934708,0.289432961065292,0.694573788213665,0.726560289655751,0.273439710344249,0.305426211786335,"India"
"65-70",2017,"man",0.6597199901504,0.3402800098496,0.642493555190039,0.676946425110762,0.323053574889238,0.357506444809961,"India"
"70-75",2017,"man",0.643111884377907,0.356888115622093,0.621676404220142,0.664547364535672,0.335452635464328,0.378323595779858,"India"
"75-80",2017,"man",0.61204269324323,0.38795730675677,0.58264826992018,0.64143711656628,0.35856288343372,0.41735173007982,"India"
"80+",2017,"man",0.669064839559901,0.330935160440099,0.640393848614598,0.697735830505204,0.302264169494796,0.359606151385402,"India"
"50-55",2015,"woman",0.745270141,0.254729859,0.624911411,0.865628872,0.134371128,0.375088589,"Austria"
"55-60",2015,"woman",0.621706844,0.378293156,0.54695482,0.696458869,0.303541131,0.45304518,"Austria"
"60-65",2015,"woman",0.488742706,0.511257294,0.424714445,0.552770967,0.447229033,0.575285555,"Austria"
"65-70",2015,"woman",0.467562078,0.532437922,0.412830146,0.52229401,0.47770599,0.587169854,"Austria"
"70-75",2015,"woman",0.35459798,0.64540202,0.302748206,0.406447755,0.593552245,0.697251794,"Austria"
"75-80",2015,"woman",0.267107705,0.732892295,0.207995921,0.326219489,0.673780511,0.792004079,"Austria"
"80+",2015,"woman",0.149223829,0.850776171,0.098279698,0.200167961,0.799832039,0.901720302,"Austria"
"50-55",2015,"woman",0.569102705,0.430897295,0.508607638,0.629597772,0.370402228,0.491392362,"Germany"
"55-60",2015,"woman",0.466150884,0.533849116,0.408677143,0.523624625,0.476375375,0.591322857,"Germany"
"60-65",2015,"woman",0.410395659,0.589604341,0.359911721,0.460879598,0.539120402,0.640088279,"Germany"
"65-70",2015,"woman",0.317291253,0.682708747,0.265904846,0.368677661,0.631322339,0.734095154,"Germany"
"70-75",2015,"woman",0.28075381,0.71924619,0.22325304,0.338254579,0.661745421,0.77674696,"Germany"
"75-80",2015,"woman",0.22610167,0.77389833,0.169600758,0.282602581,0.717397419,0.830399242,"Germany"
"80+",2015,"woman",0.125088111,0.874911889,0.07812234,0.172053882,0.827946118,0.92187766,"Germany"
"50-55",2015,"woman",0.728932719,0.271067281,0.559629395,0.898236042,0.101763958,0.440370605,"Sweden"
"55-60",2015,"woman",0.640798869,0.359201131,0.584457402,0.697140336,0.302859664,0.415542598,"Sweden"
"60-65",2015,"woman",0.508347584,0.491652416,0.45606513,0.560630037,0.439369963,0.54393487,"Sweden"
"65-70",2015,"woman",0.426979515,0.573020485,0.377317853,0.476641178,0.523358822,0.622682147,"Sweden"
"70-75",2015,"woman",0.382499952,0.617500048,0.337657374,0.42734253,0.57265747,0.662342626,"Sweden"
"75-80",2015,"woman",0.249549727,0.750450273,0.19986407,0.299235384,0.700764616,0.80013593,"Sweden"
"80+",2015,"woman",0.23021333,0.76978667,0.181561624,0.278865037,0.721134963,0.818438376,"Sweden"
"50-55",2015,"woman",0.679458262,0.320541738,0.532831772,0.826084753,0.173915247,0.467168228,"Spain"
"55-60",2015,"woman",0.548973099,0.451026901,0.439546061,0.658400137,0.341599863,0.560453939,"Spain"
"60-65",2015,"woman",0.377846233,0.622153767,0.313685782,0.442006683,0.557993317,0.686314218,"Spain"
"65-70",2015,"woman",0.25327362,0.74672638,0.195066138,0.311481102,0.688518898,0.804933862,"Spain"
"70-75",2015,"woman",0.203756726,0.796243274,0.146040923,0.26147253,0.73852747,0.853959077,"Spain"
"75-80",2015,"woman",0.11269721,0.88730279,0.066352597,0.159041823,0.840958177,0.933647403,"Spain"
"80+",2015,"woman",0.066621405,0.933378595,0.041790828,0.091451983,0.908548017,0.958209172,"Spain"
"50-55",2015,"woman",0.773841228,0.226158772,0.714855637,0.832826819,0.167173181,0.285144363,"Italy"
"55-60",2015,"woman",0.67048974,0.32951026,0.616280494,0.724698985,0.275301015,0.383719506,"Italy"
"60-65",2015,"woman",0.494614779,0.505385221,0.443178512,0.546051045,0.453948955,0.556821488,"Italy"
"65-70",2015,"woman",0.339807615,0.660192385,0.294412845,0.385202385,0.614797615,0.705587155,"Italy"
"70-75",2015,"woman",0.277413163,0.722586837,0.228062646,0.326763679,0.673236321,0.771937354,"Italy"
"75-80",2015,"woman",0.208643785,0.791356215,0.159767028,0.257520541,0.742479459,0.840232972,"Italy"
"80+",2015,"woman",0.123721843,0.876278157,0.080011634,0.167432051,0.832567949,0.919988366,"Italy"
"50-55",2015,"woman",0.609833492,0.390166508,0.538863359,0.680803625,0.319196375,0.461136641,"France"
"55-60",2015,"woman",0.414504385,0.585495615,0.346142934,0.482865836,0.517134164,0.653857066,"France"
"60-65",2015,"woman",0.307853602,0.692146398,0.253716191,0.361991013,0.638008987,0.746283809,"France"
"65-70",2015,"woman",0.226366454,0.773633546,0.172096721,0.280636186,0.719363814,0.827903279,"France"
"70-75",2015,"woman",0.212372944,0.787627056,0.162054795,0.262691092,0.737308908,0.837945205,"France"
"75-80",2015,"woman",0.147002747,0.852997253,0.092577911,0.201427582,0.798572418,0.907422089,"France"
"80+",2015,"woman",0.079004893,0.920995107,0.052507546,0.105502241,0.894497759,0.947492454,"France"
"50-55",2015,"woman",0.610028154,0.389971846,0.560915677,0.659140631,0.340859369,0.439084323,"Denmark"
"55-60",2015,"woman",0.457679114,0.542320886,0.384861701,0.530496528,0.469503472,0.615138299,"Denmark"
"60-65",2015,"woman",0.415073617,0.584926383,0.360421126,0.469726107,0.530273893,0.639578874,"Denmark"
"65-70",2015,"woman",0.296695009,0.703304991,0.212377895,0.381012123,0.618987877,0.787622105,"Denmark"
"70-75",2015,"woman",0.275458862,0.724541138,0.248743674,0.30217405,0.69782595,0.751256326,"Denmark"
"75-80",2015,"woman",0.20857662,0.79142338,0.203231142,0.213922097,0.786077903,0.796768858,"Denmark"
"80+",2015,"woman",0.191082058,0.808917942,0.186182499,0.195981617,0.804018383,0.813817501,"Denmark"
"50-55",2015,"woman",0.822768944,0.177231056,0.778847356,0.866690532,0.133309468,0.221152644,"Greece"
"55-60",2015,"woman",0.714608578,0.285391422,0.664942827,0.764274329,0.235725671,0.335057173,"Greece"
"60-65",2015,"woman",0.616909691,0.383090309,0.570724264,0.663095119,0.336904881,0.429275736,"Greece"
"65-70",2015,"woman",0.481292406,0.518707594,0.43501864,0.527566172,0.472433828,0.56498136,"Greece"
"70-75",2015,"woman",0.376082555,0.623917445,0.321986726,0.430178384,0.569821616,0.678013274,"Greece"
"75-80",2015,"woman",0.28899739,0.71100261,0.235278371,0.342716409,0.657283591,0.764721629,"Greece"
"80+",2015,"woman",0.252256292,0.747743708,0.203366167,0.301146417,0.698853583,0.796633833,"Greece"
"50-55",2015,"woman",0.675941059,0.324058941,0.568337819,0.783544299,0.216455701,0.431662181,"Switzerland"
"55-60",2015,"woman",0.580603106,0.419396894,0.514131859,0.647074354,0.352925646,0.485868141,"Switzerland"
"60-65",2015,"woman",0.530878323,0.469121677,0.455626433,0.606130213,0.393869787,0.544373567,"Switzerland"
"65-70",2015,"woman",0.362898285,0.637101715,0.31586151,0.40993506,0.59006494,0.68413849,"Switzerland"
"70-75",2015,"woman",0.385799315,0.614200685,0.314222943,0.457375687,0.542624313,0.685777057,"Switzerland"
"75-80",2015,"woman",0.306179268,0.693820732,0.228109004,0.384249533,0.615750467,0.771890996,"Switzerland"
"80+",2015,"woman",0.223608654,0.776391346,0.164919702,0.282297606,0.717702394,0.835080298,"Switzerland"
"50-55",2015,"woman",0.577718938,0.422281062,0.497812659,0.657625218,0.342374782,0.502187341,"Belgium"
"55-60",2015,"woman",0.448959719,0.551040281,0.381919844,0.515999593,0.484000407,0.618080156,"Belgium"
"60-65",2015,"woman",0.376406265,0.623593735,0.331448187,0.421364344,0.578635656,0.668551813,"Belgium"
"65-70",2015,"woman",0.291644306,0.708355694,0.250285287,0.333003326,0.666996674,0.749714713,"Belgium"
"70-75",2015,"woman",0.264416986,0.735583014,0.213279039,0.315554933,0.684445067,0.786720961,"Belgium"
"75-80",2015,"woman",0.151568577,0.848431423,0.10749939,0.195637765,0.804362235,0.89250061,"Belgium"
"80+",2015,"woman",0.146739205,0.853260795,0.112119258,0.181359152,0.818640848,0.887880742,"Belgium"
"50-55",2015,"woman",0.753083454,0.246916546,0.439268888,1.066898019,-0.066898019,0.560731112,"Israel"
"55-60",2015,"woman",0.625006379,0.374993621,0.49494841,0.755064349,0.244935651,0.50505159,"Israel"
"60-65",2015,"woman",0.52718091,0.47281909,0.431253057,0.623108763,0.376891237,0.568746943,"Israel"
"65-70",2015,"woman",0.421127007,0.578872993,0.332407802,0.509846213,0.490153787,0.667592198,"Israel"
"70-75",2015,"woman",0.298433373,0.701566627,0.214070473,0.382796273,0.617203727,0.785929527,"Israel"
"75-80",2015,"woman",0.213745626,0.786254374,0.137779179,0.289712072,0.710287928,0.862220821,"Israel"
"80+",2015,"woman",0.219759372,0.780240628,0.146002023,0.293516722,0.706483278,0.853997977,"Israel"
"50-55",2015,"woman",0.607082066,0.392917934,0.450386885,0.763777247,0.236222753,0.549613115,"Czech Republic"
"55-60",2015,"woman",0.509702479,0.490297521,0.448347006,0.571057952,0.428942048,0.551652994,"Czech Republic"
"60-65",2015,"woman",0.386997119,0.613002881,0.336545001,0.437449236,0.562550764,0.663454999,"Czech Republic"
"65-70",2015,"woman",0.293359133,0.706640867,0.254925985,0.331792281,0.668207719,0.745074015,"Czech Republic"
"70-75",2015,"woman",0.188539104,0.811460896,0.150975587,0.226102621,0.773897379,0.849024413,"Czech Republic"
"75-80",2015,"woman",0.165958981,0.834041019,0.121798033,0.210119928,0.789880072,0.878201967,"Czech Republic"
"80+",2015,"woman",0.119950117,0.880049883,0.076610761,0.163289474,0.836710526,0.923389239,"Czech Republic"
"50-55",2015,"woman",0.708709696,0.291290304,0.613151539,0.804267854,0.195732146,0.386848461,"Poland"
"55-60",2015,"woman",0.563222991,0.436777009,0.470759069,0.655686913,0.344313087,0.529240931,"Poland"
"60-65",2015,"woman",0.318364406,0.681635594,0.266826012,0.369902799,0.630097201,0.733173988,"Poland"
"65-70",2015,"woman",0.269753296,0.730246704,0.146646411,0.392860181,0.607139819,0.853353589,"Poland"
"70-75",2015,"woman",0.134102317,0.865897683,0.118451545,0.149753089,0.850246911,0.881548455,"Poland"
"75-80",2015,"woman",0.04670747,0.95329253,0.014153028,0.079261913,0.920738087,0.985846972,"Poland"
"80+",2015,"woman",0.088180146,0.911819854,0.052151649,0.124208642,0.875791358,0.947848351,"Poland"
"50-55",2015,"woman",0.584598468,0.415401532,0.506934,0.662262935,0.337737065,0.493066,"Luxembourg"
"55-60",2015,"woman",0.452014845,0.547985155,0.395410604,0.508619086,0.491380914,0.604589396,"Luxembourg"
"60-65",2015,"woman",0.333796062,0.666203938,0.261086559,0.406505564,0.593494436,0.738913441,"Luxembourg"
"65-70",2015,"woman",0.303524676,0.696475324,0.218639928,0.388409424,0.611590576,0.781360072,"Luxembourg"
"70-75",2015,"woman",0.288755427,0.711244573,0.196391302,0.381119552,0.618880448,0.803608698,"Luxembourg"
"75-80",2015,"woman",0.204319439,0.795680561,0.117420538,0.291218339,0.708781661,0.882579462,"Luxembourg"
"80+",2015,"woman",0.204015669,0.795984331,0.187614294,0.220417043,0.779582957,0.812385706,"Luxembourg"
"50-55",2015,"woman",0.677347645,0.322652355,0.464140041,0.890555248,0.109444752,0.535859959,"Portugal"
"55-60",2015,"woman",0.448762483,0.551237517,0.30024545,0.597279515,0.402720485,0.69975455,"Portugal"
"60-65",2015,"woman",0.40949699,0.59050301,0.247980704,0.571013276,0.428986724,0.752019296,"Portugal"
"65-70",2015,"woman",0.336390512,0.663609488,0.218974634,0.453806389,0.546193611,0.781025366,"Portugal"
"70-75",2015,"woman",0.207199518,0.792800482,0.107635686,0.306763349,0.693236651,0.892364314,"Portugal"
"75-80",2015,"woman",0.11213047,0.88786953,0.035581871,0.188679069,0.811320931,0.964418129,"Portugal"
"80+",2015,"woman",0.126720612,0.873279388,0.026858988,0.226582235,0.773417765,0.973141012,"Portugal"
"50-55",2015,"woman",0.717093463,0.282906537,0.640515495,0.793671431,0.206328569,0.359484505,"Slovenia"
"55-60",2015,"woman",0.631215533,0.368784467,0.584069076,0.678361989,0.321638011,0.415930924,"Slovenia"
"60-65",2015,"woman",0.592623508,0.407376492,0.543177511,0.642069505,0.357930495,0.456822489,"Slovenia"
"65-70",2015,"woman",0.475232884,0.524767116,0.425065748,0.525400021,0.474599979,0.574934252,"Slovenia"
"70-75",2015,"woman",0.342742305,0.657257695,0.281782201,0.403702409,0.596297591,0.718217799,"Slovenia"
"75-80",2015,"woman",0.298843536,0.701156464,0.24429876,0.353388313,0.646611687,0.75570124,"Slovenia"
"80+",2015,"woman",0.255922721,0.744077279,0.20643991,0.305405531,0.694594469,0.79356009,"Slovenia"
"50-55",2015,"woman",0.712173741,0.287826259,0.666027254,0.758320227,0.241679773,0.333972746,"Estonia"
"55-60",2015,"woman",0.478464786,0.521535214,0.452621792,0.504307779,0.495692221,0.547378208,"Estonia"
"60-65",2015,"woman",0.34686934,0.65313066,0.293229887,0.400508793,0.599491207,0.706770113,"Estonia"
"65-70",2015,"woman",0.283326352,0.716673648,0.240780544,0.325872161,0.674127839,0.759219456,"Estonia"
"70-75",2015,"woman",0.216234398,0.783765602,0.190098035,0.24237076,0.75762924,0.809901965,"Estonia"
"75-80",2015,"woman",0.175362931,0.824637069,0.167742779,0.182983084,0.817016916,0.832257221,"Estonia"
"80+",2015,"woman",0.120523807,0.879476193,0.111282408,0.129765206,0.870234794,0.888717592,"Estonia"
"50-55",2015,"woman",0.717566324,0.282433676,0.66793374,0.767198908,0.232801092,0.33206626,"Croatia"
"55-60",2015,"woman",0.6062484,0.3937516,0.537508972,0.674987828,0.325012172,0.462491028,"Croatia"
"60-65",2015,"woman",0.550962071,0.449037929,0.482884191,0.619039951,0.380960049,0.517115809,"Croatia"
"65-70",2015,"woman",0.47668517,0.52331483,0.409811091,0.543559249,0.456440751,0.590188909,"Croatia"
"70-75",2015,"woman",0.409956776,0.590043224,0.345665818,0.474247734,0.525752266,0.654334182,"Croatia"
"75-80",2015,"woman",0.244743263,0.755256737,0.142153989,0.347332537,0.652667463,0.857846011,"Croatia"
"80+",2015,"woman",0.286654185,0.713345815,0.209822046,0.363486323,0.636513677,0.790177954,"Croatia"
"50-55",2015,"man",0.753674605,0.246325395,0.571554265,0.935794944,0.064205056,0.428445735,"Austria"
"55-60",2015,"man",0.651756905,0.348243095,0.568148496,0.735365314,0.264634686,0.431851504,"Austria"
"60-65",2015,"man",0.525813886,0.474186114,0.452412103,0.59921567,0.40078433,0.547587897,"Austria"
"65-70",2015,"man",0.402824419,0.597175581,0.342454051,0.463194788,0.536805212,0.657545949,"Austria"
"70-75",2015,"man",0.32630205,0.67369795,0.262469074,0.390135026,0.609864974,0.737530926,"Austria"
"75-80",2015,"man",0.348830857,0.651169143,0.27479682,0.422864895,0.577135105,0.72520318,"Austria"
"80+",2015,"man",0.209384054,0.790615946,0.138520798,0.280247309,0.719752691,0.861479202,"Austria"
"50-55",2015,"man",0.571787254,0.428212746,0.501615123,0.641959384,0.358040616,0.498384877,"Germany"
"55-60",2015,"man",0.496921175,0.503078825,0.433290307,0.560552043,0.439447957,0.566709693,"Germany"
"60-65",2015,"man",0.44332718,0.55667282,0.384783377,0.501870983,0.498129017,0.615216623,"Germany"
"65-70",2015,"man",0.380362813,0.619637187,0.326495782,0.434229844,0.565770156,0.673504218,"Germany"
"70-75",2015,"man",0.281398656,0.718601344,0.229072485,0.333724827,0.666275173,0.770927515,"Germany"
"75-80",2015,"man",0.226627474,0.773372526,0.175840047,0.277414901,0.722585099,0.824159953,"Germany"
"80+",2015,"man",0.151507951,0.848492049,0.096386274,0.206629628,0.793370372,0.903613726,"Germany"
"50-55",2015,"man",0.817416922,0.182583078,0.753259889,0.881573956,0.118426044,0.246740111,"Sweden"
"55-60",2015,"man",0.673948262,0.326051738,0.595019559,0.752876965,0.247123035,0.404980441,"Sweden"
"60-65",2015,"man",0.592771781,0.407228219,0.533158603,0.652384959,0.347615041,0.466841397,"Sweden"
"65-70",2015,"man",0.467370276,0.532629724,0.411502351,0.523238202,0.476761798,0.588497649,"Sweden"
"70-75",2015,"man",0.388349027,0.611650973,0.335390472,0.441307581,0.558692419,0.664609528,"Sweden"
"75-80",2015,"man",0.26829859,0.73170141,0.220803758,0.315793422,0.684206578,0.779196242,"Sweden"
"80+",2015,"man",0.248204974,0.751795026,0.191221876,0.305188072,0.694811928,0.808778124,"Sweden"
"50-55",2015,"man",0.744587414,0.255412586,0.54863436,0.940540467,0.059459533,0.45136564,"Spain"
"55-60",2015,"man",0.560271062,0.439728938,0.452666511,0.667875613,0.332124387,0.547333489,"Spain"
"60-65",2015,"man",0.511028374,0.488971626,0.435114844,0.586941904,0.413058096,0.564885156,"Spain"
"65-70",2015,"man",0.326997547,0.673002453,0.263456107,0.390538986,0.609461014,0.736543893,"Spain"
"70-75",2015,"man",0.30188296,0.69811704,0.239242854,0.364523067,0.635476933,0.760757146,"Spain"
"75-80",2015,"man",0.180344242,0.819655758,0.123907203,0.236781281,0.763218719,0.876092797,"Spain"
"80+",2015,"man",0.123199292,0.876800708,0.080532011,0.165866574,0.834133426,0.919467989,"Spain"
"50-55",2015,"man",0.806948246,0.193051754,0.741386835,0.872509656,0.127490344,0.258613165,"Italy"
"55-60",2015,"man",0.696369497,0.303630503,0.637546873,0.755192122,0.244807878,0.362453127,"Italy"
"60-65",2015,"man",0.566788157,0.433211843,0.512875153,0.620701162,0.379298838,0.487124847,"Italy"
"65-70",2015,"man",0.484416498,0.515583502,0.434490881,0.534342116,0.465657884,0.565509119,"Italy"
"70-75",2015,"man",0.322962144,0.677037856,0.268264528,0.377659761,0.622340239,0.731735472,"Italy"
"75-80",2015,"man",0.285028488,0.714971512,0.230626023,0.339430952,0.660569048,0.769373977,"Italy"
"80+",2015,"man",0.206284154,0.793715846,0.153946036,0.258622273,0.741377727,0.846053964,"Italy"
"50-55",2015,"man",0.70109446,0.29890554,0.630879287,0.771309633,0.228690367,0.369120713,"France"
"55-60",2015,"man",0.580136378,0.419863622,0.509690175,0.650582582,0.349417418,0.490309825,"France"
"60-65",2015,"man",0.381315044,0.618684956,0.307575898,0.455054189,0.544945811,0.692424102,"France"
"65-70",2015,"man",0.324971328,0.675028672,0.275281175,0.374661481,0.625338519,0.724718825,"France"
"70-75",2015,"man",0.235959584,0.764040416,0.181694768,0.2902244,0.7097756,0.818305232,"France"
"75-80",2015,"man",0.216618715,0.783381285,0.161304815,0.271932614,0.728067386,0.838695185,"France"
"80+",2015,"man",0.108720083,0.891279917,0.066259272,0.151180894,0.848819106,0.933740728,"France"
"50-55",2015,"man",0.687331647,0.312668353,0.617365219,0.757298076,0.242701924,0.382634781,"Denmark"
"55-60",2015,"man",0.543530497,0.456469503,0.456571842,0.630489152,0.369510848,0.543428158,"Denmark"
"60-65",2015,"man",0.449914582,0.550085418,0.410428304,0.489400861,0.510599139,0.589571696,"Denmark"
"65-70",2015,"man",0.370389545,0.629610455,0.356608769,0.38417032,0.61582968,0.643391231,"Denmark"
"70-75",2015,"man",0.291725687,0.708274313,0.173488149,0.409963226,0.590036774,0.826511851,"Denmark"
"75-80",2015,"man",0.266151501,0.733848499,0.237072913,0.29523009,0.70476991,0.762927087,"Denmark"
"80+",2015,"man",0.228910536,0.771089464,0.196036793,0.261784278,0.738215722,0.803963207,"Denmark"
"50-55",2015,"man",0.849552207,0.150447793,0.803834358,0.895270056,0.104729944,0.196165642,"Greece"
"55-60",2015,"man",0.788473094,0.211526906,0.737087445,0.839858743,0.160141257,0.262912555,"Greece"
"60-65",2015,"man",0.722459473,0.277540527,0.674879248,0.770039697,0.229960303,0.325120752,"Greece"
"65-70",2015,"man",0.611526977,0.388473023,0.561773425,0.661280529,0.338719471,0.438226575,"Greece"
"70-75",2015,"man",0.541604305,0.458395695,0.489346953,0.593861656,0.406138344,0.510653047,"Greece"
"75-80",2015,"man",0.407529574,0.592470426,0.345964598,0.46909455,0.53090545,0.654035402,"Greece"
"80+",2015,"man",0.346102007,0.653897993,0.291137027,0.401066988,0.598933012,0.708862973,"Greece"
"50-55",2015,"man",0.64277627,0.35722373,0.476549655,0.809002884,0.190997116,0.523450345,"Switzerland"
"55-60",2015,"man",0.644360497,0.355639503,0.587032598,0.701688396,0.298311604,0.412967402,"Switzerland"
"60-65",2015,"man",0.579479524,0.420520476,0.501595089,0.657363958,0.342636042,0.498404911,"Switzerland"
"65-70",2015,"man",0.459149894,0.540850106,0.40220439,0.516095398,0.483904602,0.59779561,"Switzerland"
"70-75",2015,"man",0.390937034,0.609062966,0.336990717,0.444883351,0.555116649,0.663009283,"Switzerland"
"75-80",2015,"man",0.338593384,0.661406616,0.267230517,0.409956252,0.590043748,0.732769483,"Switzerland"
"80+",2015,"man",0.257226069,0.742773931,0.201422004,0.313030134,0.686969866,0.798577996,"Switzerland"
"50-55",2015,"man",0.605080907,0.394919093,0.518933094,0.691228721,0.308771279,0.481066906,"Belgium"
"55-60",2015,"man",0.543118818,0.456881182,0.466275652,0.619961984,0.380038016,0.533724348,"Belgium"
"60-65",2015,"man",0.410001702,0.589998298,0.364951544,0.455051861,0.544948139,0.635048456,"Belgium"
"65-70",2015,"man",0.340131038,0.659868962,0.292183728,0.388078348,0.611921652,0.707816272,"Belgium"
"70-75",2015,"man",0.294549786,0.705450214,0.241341849,0.347757723,0.652242277,0.758658151,"Belgium"
"75-80",2015,"man",0.258575901,0.741424099,0.200880503,0.316271299,0.683728701,0.799119497,"Belgium"
"80+",2015,"man",0.203971238,0.796028762,0.160258089,0.247684386,0.752315614,0.839741911,"Belgium"
"50-55",2015,"man",0.794052022,0.205947978,0.595750714,0.99235333,0.00764667,0.404249286,"Israel"
"55-60",2015,"man",0.772667438,0.227332562,0.639516598,0.905818278,0.094181722,0.360483402,"Israel"
"60-65",2015,"man",0.436826428,0.563173572,0.334289062,0.539363794,0.460636206,0.665710938,"Israel"
"65-70",2015,"man",0.364104858,0.635895142,0.270664486,0.45754523,0.54245477,0.729335514,"Israel"
"70-75",2015,"man",0.262606937,0.737393063,0.164283304,0.360930569,0.639069431,0.835716696,"Israel"
"75-80",2015,"man",0.280901035,0.719098965,0.183460665,0.378341405,0.621658595,0.816539335,"Israel"
"80+",2015,"man",0.15061667,0.84938333,0.092271687,0.208961654,0.791038346,0.907728313,"Israel"
"50-55",2015,"man",0.519136224,0.480863776,0.353479016,0.684793432,0.315206568,0.646520984,"Czech Republic"
"55-60",2015,"man",0.431621784,0.568378216,0.353282206,0.509961362,0.490038638,0.646717794,"Czech Republic"
"60-65",2015,"man",0.406867983,0.593132017,0.344046878,0.469689089,0.530310911,0.655953122,"Czech Republic"
"65-70",2015,"man",0.321331259,0.678668741,0.276538479,0.366124038,0.633875962,0.723461521,"Czech Republic"
"70-75",2015,"man",0.220704085,0.779295915,0.165874252,0.275533918,0.724466082,0.834125748,"Czech Republic"
"75-80",2015,"man",0.141640831,0.858359169,0.091723522,0.191558141,0.808441859,0.908276478,"Czech Republic"
"80+",2015,"man",0.176358923,0.823641077,0.092337104,0.260380741,0.739619259,0.907662896,"Czech Republic"
"50-55",2015,"man",0.792879854,0.207120146,0.69421075,0.891548958,0.108451042,0.30578925,"Poland"
"55-60",2015,"man",0.536450645,0.463549355,0.431848232,0.641053057,0.358946943,0.568151768,"Poland"
"60-65",2015,"man",0.383029977,0.616970023,0.335692522,0.430367431,0.569632569,0.664307478,"Poland"
"65-70",2015,"man",0.28942047,0.71057953,0.201871302,0.376969638,0.623030362,0.798128698,"Poland"
"70-75",2015,"man",0.133555748,0.866444252,0.051795589,0.215315907,0.784684093,0.948204411,"Poland"
"75-80",2015,"man",0.13662205,0.86337795,0.098310355,0.174933745,0.825066255,0.901689645,"Poland"
"80+",2015,"man",0.178106722,0.821893278,0.101941864,0.25427158,0.74572842,0.898058136,"Poland"
"50-55",2015,"man",0.83829113,0.16170887,0.727020199,0.949562061,0.050437939,0.272979801,"Luxembourg"
"55-60",2015,"man",0.534648467,0.465351533,0.453225081,0.616071853,0.383928147,0.546774919,"Luxembourg"
"60-65",2015,"man",0.418024867,0.581975133,0.340069542,0.495980192,0.504019808,0.659930458,"Luxembourg"
"65-70",2015,"man",0.456190032,0.543809968,0.363173184,0.549206879,0.450793121,0.636826816,"Luxembourg"
"70-75",2015,"man",0.271154537,0.728845463,0.197637635,0.344671439,0.655328561,0.802362365,"Luxembourg"
"75-80",2015,"man",0.216355942,0.783644058,0.108489013,0.324222871,0.675777129,0.891510987,"Luxembourg"
"80+",2015,"man",0.207221005,0.792778995,0.14365826,0.270783749,0.729216251,0.85634174,"Luxembourg"
"50-55",2015,"man",0.768957733,0.231042267,0.452262361,1.085653105,-0.085653105,0.547737639,"Portugal"
"55-60",2015,"man",0.730191537,0.269808463,0.57247473,0.887908343,0.112091657,0.42752527,"Portugal"
"60-65",2015,"man",0.661745801,0.338254199,0.543594452,0.77989715,0.22010285,0.456405548,"Portugal"
"65-70",2015,"man",0.435935852,0.564064148,0.287706663,0.584165041,0.415834959,0.712293337,"Portugal"
"70-75",2015,"man",0.37918436,0.62081564,0.234442862,0.523925858,0.476074142,0.765557138,"Portugal"
"75-80",2015,"man",0.306308215,0.693691785,0.11301819,0.49959824,0.50040176,0.88698181,"Portugal"
"80+",2015,"man",0.115216859,0.884783141,0.032915456,0.197518261,0.802481739,0.967084544,"Portugal"
"50-55",2015,"man",0.799441466,0.200558534,0.719835863,0.879047068,0.120952932,0.280164137,"Slovenia"
"55-60",2015,"man",0.673144836,0.326855164,0.620462777,0.725826895,0.274173105,0.379537223,"Slovenia"
"60-65",2015,"man",0.521178466,0.478821534,0.466971173,0.575385759,0.424614241,0.533028827,"Slovenia"
"65-70",2015,"man",0.447374595,0.552625405,0.394415146,0.500334045,0.499665955,0.605584854,"Slovenia"
"70-75",2015,"man",0.43732437,0.56267563,0.376731833,0.497916908,0.502083092,0.623268167,"Slovenia"
"75-80",2015,"man",0.335189162,0.664810838,0.262668971,0.407709352,0.592290648,0.737331029,"Slovenia"
"80+",2015,"man",0.305658819,0.694341181,0.240888604,0.370429035,0.629570965,0.759111396,"Slovenia"
"50-55",2015,"man",0.742960704,0.257039296,0.687762591,0.798158817,0.201841183,0.312237409,"Estonia"
"55-60",2015,"man",0.50718027,0.49281973,0.463613385,0.550747155,0.449252845,0.536386615,"Estonia"
"60-65",2015,"man",0.416240163,0.583759837,0.397816712,0.434663614,0.565336386,0.602183288,"Estonia"
"65-70",2015,"man",0.286813902,0.713186098,0.244473464,0.32915434,0.67084566,0.755526536,"Estonia"
"70-75",2015,"man",0.255772449,0.744227551,0.232346532,0.279198366,0.720801634,0.767653468,"Estonia"
"75-80",2015,"man",0.265288589,0.734711411,0.245813361,0.284763818,0.715236182,0.754186639,"Estonia"
"80+",2015,"man",0.134155171,0.865844829,0.094318813,0.173991529,0.826008471,0.905681187,"Estonia"
"50-55",2015,"man",0.787635348,0.212364652,0.710250144,0.865020552,0.134979448,0.289749856,"Croatia"
"55-60",2015,"man",0.679128285,0.320871715,0.597048653,0.761207918,0.238792082,0.402951347,"Croatia"
"60-65",2015,"man",0.634112734,0.365887266,0.566099098,0.70212637,0.29787363,0.433900902,"Croatia"
"65-70",2015,"man",0.487269649,0.512730351,0.410295795,0.564243503,0.435756497,0.589704205,"Croatia"
"70-75",2015,"man",0.423538319,0.576461681,0.352030126,0.495046513,0.504953487,0.647969874,"Croatia"
"75-80",2015,"man",0.411412568,0.588587432,0.300609195,0.522215941,0.477784059,0.699390805,"Croatia"
"80+",2015,"man",0.462333045,0.537666955,0.34040336,0.58426273,0.41573727,0.65959664,"Croatia"
"50-55",2015,"woman",0.662930419,0.337069581,0.632579083,0.693281755,0.306718245,0.367420917,"Europe"
"55-60",2015,"woman",0.532983907,0.467016093,0.505974231,0.559993584,0.440006416,0.494025769,"Europe"
"60-65",2015,"woman",0.407327762,0.592672238,0.384192494,0.43046303,0.56953697,0.615807506,"Europe"
"65-70",2015,"woman",0.307874931,0.692125069,0.285221159,0.330528704,0.669471296,0.714778841,"Europe"
"70-75",2015,"woman",0.255772037,0.744227963,0.231167039,0.280377035,0.719622965,0.768832961,"Europe"
"75-80",2015,"woman",0.181962995,0.818037005,0.155315987,0.208610003,0.791389997,0.844684013,"Europe"
"80+",2015,"woman",0.119562217,0.880437783,0.103821994,0.13530244,0.86469756,0.896178006,"Europe"
"50-55",2015,"man",0.712586532,0.287413468,0.680070975,0.74510209,0.25489791,0.319929025,"Europe"
"55-60",2015,"man",0.579727643,0.420272357,0.54891117,0.610544116,0.389455884,0.45108883,"Europe"
"60-65",2015,"man",0.474589872,0.525410128,0.450035753,0.499143991,0.500856009,0.549964247,"Europe"
"65-70",2015,"man",0.386885126,0.613114874,0.363128246,0.410642006,0.589357994,0.636871754,"Europe"
"70-75",2015,"man",0.292769562,0.707230438,0.267628744,0.31791038,0.68208962,0.732371256,"Europe"
"75-80",2015,"man",0.240025437,0.759974563,0.217186544,0.262864329,0.737135671,0.782813456,"Europe"
"80+",2015,"man",0.171270442,0.828729558,0.151020667,0.191520217,0.808479783,0.848979333,"Europe"
"50-55",2014,"woman",0.696392795286709,0.303607204713291,0.638835614217284,0.753949976356133,0.246050023643866,0.361164385782716,"Mexico"
"55-60",2014,"woman",0.598336502623327,0.401663497376673,0.540364651871212,0.656308353375442,0.343691646624558,0.459635348128788,"Mexico"
"60-65",2014,"woman",0.489712997531832,0.510287002468168,0.428883123131323,0.550542871932342,0.449457128067658,0.571116876868677,"Mexico"
"65-70",2014,"woman",0.331059144949097,0.668940855050903,0.286373748139675,0.375744541758519,0.624255458241481,0.713626251860325,"Mexico"
"70-75",2014,"woman",0.334621521271255,0.665378478728745,0.282007302446503,0.387235740096008,0.612764259903992,0.717992697553497,"Mexico"
"75-80",2014,"woman",0.350455849608401,0.649544150391599,0.285413943878931,0.415497755337872,0.584502244662128,0.714586056121069,"Mexico"
"80+",2014,"woman",0.333099403033564,0.666900596966436,0.270804571651283,0.395394234415846,0.604605765584154,0.729195428348717,"Mexico"
"50-55",2014,"man",0.750180259287815,0.249819740712185,0.663607354573889,0.836753164001742,0.163246835998258,0.336392645426111,"Mexico"
"55-60",2014,"man",0.721938152685866,0.278061847314134,0.666817336879628,0.777058968492103,0.222941031507897,0.333182663120372,"Mexico"
"60-65",2014,"man",0.646737045644495,0.353262954355505,0.578969258144925,0.714504833144064,0.285495166855936,0.421030741855075,"Mexico"
"65-70",2014,"man",0.519788516143603,0.480211483856397,0.461359816782416,0.578217215504791,0.421782784495209,0.538640183217584,"Mexico"
"70-75",2014,"man",0.50469675078735,0.49530324921265,0.445802606178236,0.563590895396463,0.436409104603537,0.554197393821764,"Mexico"
"75-80",2014,"man",0.426666861706796,0.573333138293204,0.343036479096229,0.510297244317363,0.489702755682637,0.656963520903771,"Mexico"
"80+",2014,"man",0.445997367443312,0.554002632556688,0.363017827753372,0.528976907133252,0.471023092866748,0.636982172246628,"Mexico"
