age,country,year,sex,unhealthy,healthy,CI_low_unhealthy,CI_up_unhealthy,CI_low_healthy,CI_up_healthy
50-55,USA,2014,woman,0.1122,0.8878,0.0608,0.1636,0.8364,0.9392
55-60,USA,2014,woman,0.1221,0.8779,0.1011,0.1430,0.8570,0.8989
60-65,USA,2014,woman,0.1225,0.8775,0.1002,0.1449,0.8551,0.8998
65-70,USA,2014,woman,0.1282,0.8718,0.1081,0.1483,0.8517,0.8919
70-75,USA,2014,woman,0.1832,0.8168,0.1567,0.2097,0.7903,0.8433
75-80,USA,2014,woman,0.1858,0.8142,0.1627,0.2089,0.7911,0.8373
80-85,USA,2014,woman,0.2704,0.7296,0.2409,0.2999,0.7001,0.7591
85-90,USA,2014,woman,0.2915,0.7085,0.2489,0.3341,0.6659,0.7511
90+,USA,2014,woman,0.4510,0.5490,0.3898,0.5122,0.4878,0.6102
50-55,USA,2014,man,0.0962,0.9038,0.0079,0.1845,0.8155,0.9921
55-60,USA,2014,man,0.1083,0.8917,0.0874,0.1292,0.8708,0.9126
60-65,USA,2014,man,0.1229,0.8771,0.1023,0.1436,0.8564,0.8977
65-70,USA,2014,man,0.1148,0.8852,0.0926,0.1370,0.8630,0.9074
70-75,USA,2014,man,0.1183,0.8817,0.0910,0.1456,0.8544,0.9090
75-80,USA,2014,man,0.1683,0.8317,0.1418,0.1948,0.8052,0.8582
80-85,USA,2014,man,0.2507,0.7493,0.2102,0.2912,0.7088,0.7898
85-90,USA,2014,man,0.2654,0.7346,0.2165,0.3143,0.6857,0.7835
90+,USA,2014,man,0.3759,0.6241,0.2887,0.4631,0.5369,0.7113
50-55,China,2014,man,0.0555,0.9445,0.0441,0.0670,0.9330,0.9559
55-60,China,2014,man,0.0895,0.9105,0.0748,0.1042,0.8958,0.9252
60-65,China,2014,man,0.1424,0.8576,0.1227,0.1621,0.8379,0.8773
65-70,China,2014,man,0.1761,0.8239,0.1527,0.1995,0.8005,0.8473
70-75,China,2014,man,0.2451,0.7549,0.2018,0.2884,0.7116,0.7982
75-80,China,2014,man,0.3102,0.6898,0.2619,0.3586,0.6414,0.7381
80-85,China,2014,man,0.2744,0.7256,0.1816,0.3673,0.6327,0.8184
85-90,China,2014,man,0.4524,0.5476,0.3243,0.5805,0.4195,0.6757
90+,China,2014,man,0.6603,0.3397,0.3220,0.9986,0.0014,0.6780
50-55,China,2014,woman,0.1483,0.8517,0.1201,0.1764,0.8236,0.8799
55-60,China,2014,woman,0.1781,0.8219,0.1562,0.2000,0.8000,0.8438
60-65,China,2014,woman,0.2054,0.7946,0.1846,0.2262,0.7738,0.8154
65-70,China,2014,woman,0.2647,0.7353,0.2369,0.2924,0.7076,0.7631
70-75,China,2014,woman,0.3291,0.6709,0.2740,0.3841,0.6159,0.7260
75-80,China,2014,woman,0.3410,0.6590,0.2923,0.3896,0.6104,0.7077
80-85,China,2014,woman,0.4117,0.5883,0.3285,0.4949,0.5051,0.6715
85-90,China,2014,woman,0.5402,0.4598,0.3574,0.7230,0.2770,0.6426
90+,China,2014,woman,0.5659,0.4341,0.4021,0.7297,0.2703,0.5979
50-55,England,2014,man,0.0576,0.9424,0.0291,0.0860,0.9140,0.9709
55-60,England,2014,man,0.0914,0.9086,0.0618,0.1210,0.8790,0.9382
60-65,England,2014,man,0.1233,0.8767,0.0975,0.1492,0.8508,0.9025
65-70,England,2014,man,0.1608,0.8392,0.1317,0.1899,0.8101,0.8683
70-75,England,2014,man,0.1747,0.8253,0.1420,0.2073,0.7927,0.8580
75-80,England,2014,man,0.2511,0.7489,0.2105,0.2916,0.7084,0.7895
80-85,England,2014,man,0.2453,0.7547,0.1925,0.2980,0.7020,0.8075
85-90,England,2014,man,0.3873,0.6127,0.3000,0.4745,0.5255,0.7000
90+,England,2014,man,0.4816,0.5184,0.3531,0.6100,0.3900,0.6469
50-55,England,2014,woman,0.0741,0.9259,0.0461,0.1020,0.8980,0.9539
55-60,England,2014,woman,0.1528,0.8472,0.1167,0.1889,0.8111,0.8833
60-65,England,2014,woman,0.1275,0.8725,0.1028,0.1521,0.8479,0.8972
65-70,England,2014,woman,0.1316,0.8684,0.1078,0.1554,0.8446,0.8922
70-75,England,2014,woman,0.1977,0.8023,0.1660,0.2293,0.7707,0.8340
75-80,England,2014,woman,0.2021,0.7979,0.1684,0.2359,0.7641,0.8316
80-85,England,2014,woman,0.3541,0.6459,0.3023,0.4060,0.5940,0.6977
85-90,England,2014,woman,0.4174,0.5826,0.3449,0.4898,0.5102,0.6551
90+,England,2014,woman,0.4694,0.5306,0.3667,0.5721,0.4279,0.6333
50-55,Korea,2014,woman,0.0000,1.0000,0.0000,0.0000,1.0000,1.0000
55-60,Korea,2014,woman,0.0064,0.9936,0.0016,0.0113,0.9887,0.9984
60-65,Korea,2014,woman,0.0033,0.9967,-0.0013,0.0080,0.9920,1.0013
65-70,Korea,2014,woman,0.0146,0.9854,0.0050,0.0243,0.9757,0.9950
70-75,Korea,2014,woman,0.0331,0.9669,0.0184,0.0479,0.9521,0.9816
75-80,Korea,2014,woman,0.0492,0.9508,0.0316,0.0668,0.9332,0.9684
80-85,Korea,2014,woman,0.1475,0.8525,0.1105,0.1846,0.8154,0.8895
85-90,Korea,2014,woman,0.2540,0.7460,0.1666,0.3414,0.6586,0.8334
90+,Korea,2014,woman,0.5861,0.4139,0.4854,0.6868,0.3132,0.5146
50-55,Korea,2014,man,0.0081,0.9919,-0.0025,0.0187,0.9813,1.0025
55-60,Korea,2014,man,0.0088,0.9912,0.0024,0.0152,0.9848,0.9976
60-65,Korea,2014,man,0.0104,0.9896,0.0007,0.0200,0.9800,0.9993
65-70,Korea,2014,man,0.0272,0.9728,0.0167,0.0377,0.9623,0.9833
70-75,Korea,2014,man,0.0386,0.9614,0.0203,0.0569,0.9431,0.9797
75-80,Korea,2014,man,0.0557,0.9443,0.0334,0.0780,0.9220,0.9666
80-85,Korea,2014,man,0.1505,0.8495,0.1025,0.1984,0.8016,0.8975
85-90,Korea,2014,man,0.1227,0.8773,0.0556,0.1897,0.8103,0.9444
90+,Korea,2014,man,0.2255,0.7745,0.1287,0.3224,0.6776,0.8713
50-55,India,2016,man,0.0701,0.9299,0.0608,0.0794,0.9206,0.9392
55-60,India,2016,man,0.0905,0.9095,0.0795,0.1016,0.8984,0.9205
60-65,India,2016,man,0.1284,0.8716,0.1163,0.1406,0.8594,0.8837
65-70,India,2016,man,0.1653,0.8347,0.1514,0.1791,0.8209,0.8486
70-75,India,2016,man,0.2102,0.7898,0.1916,0.2288,0.7712,0.8084
75-80,India,2016,man,0.2652,0.7348,0.2383,0.2920,0.7080,0.7617
80-85,India,2016,man,0.2968,0.7032,0.2601,0.3334,0.6666,0.7399
85-90,India,2016,man,0.3740,0.6260,0.3159,0.4321,0.5679,0.6841
90+,India,2016,man,0.5167,0.4833,0.4374,0.5960,0.4040,0.5626
50-55,India,2016,woman,0.1080,0.8920,0.0982,0.1179,0.8821,0.9018
55-60,India,2016,woman,0.1357,0.8643,0.1244,0.1469,0.8531,0.8756
60-65,India,2016,woman,0.1706,0.8294,0.1581,0.1831,0.8169,0.8419
65-70,India,2016,woman,0.2135,0.7865,0.1985,0.2284,0.7716,0.8015
70-75,India,2016,woman,0.2904,0.7096,0.2698,0.3110,0.6890,0.7302
75-80,India,2016,woman,0.3414,0.6586,0.3138,0.3690,0.6310,0.6862
80-85,India,2016,woman,0.4335,0.5665,0.3957,0.4712,0.5288,0.6043
85-90,India,2016,woman,0.4465,0.5535,0.3910,0.5019,0.4981,0.6090
90+,India,2016,woman,0.5473,0.4527,0.4844,0.6103,0.3897,0.5156
50-55,Mexico,2014,man,0.0420,0.9580,0.0208,0.0633,0.9367,0.9792
55-60,Mexico,2014,man,0.0443,0.9557,0.0278,0.0608,0.9392,0.9722
60-65,Mexico,2014,man,0.1085,0.8915,0.0703,0.1467,0.8533,0.9297
65-70,Mexico,2014,man,0.1071,0.8929,0.0766,0.1377,0.8623,0.9234
70-75,Mexico,2014,man,0.1498,0.8502,0.1111,0.1885,0.8115,0.8889
75-80,Mexico,2014,man,0.2328,0.7672,0.1253,0.3403,0.6597,0.8747
80-85,Mexico,2014,man,0.2916,0.7084,0.2035,0.3796,0.6204,0.7965
85-90,Mexico,2014,man,0.3123,0.6877,0.1958,0.4288,0.5712,0.8042
90+,Mexico,2014,man,0.3068,0.6932,0.1615,0.4522,0.5478,0.8385
50-55,Mexico,2014,woman,0.1159,0.8841,0.0552,0.1766,0.8234,0.9448
55-60,Mexico,2014,woman,0.1003,0.8997,0.0676,0.1329,0.8671,0.9324
60-65,Mexico,2014,woman,0.1488,0.8512,0.1059,0.1918,0.8082,0.8941
65-70,Mexico,2014,woman,0.1828,0.8172,0.1404,0.2253,0.7747,0.8596
70-75,Mexico,2014,woman,0.2297,0.7703,0.1852,0.2742,0.7258,0.8148
75-80,Mexico,2014,woman,0.2514,0.7486,0.1948,0.3081,0.6919,0.8052
80-85,Mexico,2014,woman,0.3277,0.6723,0.2566,0.3989,0.6011,0.7434
85-90,Mexico,2014,woman,0.3873,0.6127,0.2625,0.5120,0.4880,0.7375
90+,Mexico,2014,woman,0.3989,0.6011,0.2270,0.5707,0.4293,0.7730
50-55,Europe,2014,man,0.0516,0.9484,0.0373,0.0660,0.9340,0.9627
55-60,Europe,2014,man,0.0560,0.9440,0.0416,0.0705,0.9295,0.9584
60-65,Europe,2014,man,0.0779,0.9221,0.0620,0.0938,0.9062,0.9380
65-70,Europe,2014,man,0.0807,0.9193,0.0694,0.0920,0.9080,0.9306
70-75,Europe,2014,man,0.1235,0.8765,0.1049,0.1420,0.8580,0.8951
75-80,Europe,2014,man,0.1489,0.8511,0.1296,0.1682,0.8318,0.8704
80-85,Europe,2014,man,0.2418,0.7582,0.2120,0.2717,0.7283,0.7880
85-90,Europe,2014,man,0.3441,0.6559,0.2942,0.3940,0.6060,0.7058
90+,Europe,2014,man,0.4671,0.5329,0.3869,0.5473,0.4527,0.6131
50-55,Europe,2014,woman,0.0499,0.9501,0.0362,0.0636,0.9364,0.9638
55-60,Europe,2014,woman,0.0685,0.9315,0.0544,0.0826,0.9174,0.9456
60-65,Europe,2014,woman,0.0708,0.9292,0.0607,0.0810,0.9190,0.9393
65-70,Europe,2014,woman,0.0870,0.9130,0.0753,0.0986,0.9014,0.9247
70-75,Europe,2014,woman,0.1254,0.8746,0.1092,0.1416,0.8584,0.8908
75-80,Europe,2014,woman,0.1950,0.8050,0.1733,0.2168,0.7832,0.8267
80-85,Europe,2014,woman,0.2976,0.7024,0.2679,0.3273,0.6727,0.7321
85-90,Europe,2014,woman,0.4143,0.5857,0.3754,0.4533,0.5467,0.6246
90+,Europe,2014,woman,0.6870,0.3130,0.6321,0.7419,0.2581,0.3679
50-55,Austria,2014,man,0.0000,1.0000,0.0000,0.0000,1.0000,1.0000
55-60,Austria,2014,man,0.0590,0.9410,0.0177,0.1003,0.8997,0.9823
60-65,Austria,2014,man,0.0364,0.9636,0.0133,0.0595,0.9405,0.9867
65-70,Austria,2014,man,0.0719,0.9281,0.0376,0.1061,0.8939,0.9624
70-75,Austria,2014,man,0.1306,0.8694,0.0868,0.1744,0.8256,0.9132
75-80,Austria,2014,man,0.1068,0.8932,0.0678,0.1459,0.8541,0.9322
80-85,Austria,2014,man,0.2121,0.7879,0.1272,0.2969,0.7031,0.8728
85-90,Austria,2014,man,0.3536,0.6464,0.2045,0.5027,0.4973,0.7955
90+,Austria,2014,man,0.4207,0.5793,0.2268,0.6146,0.3854,0.7732
50-55,Germany,2014,man,0.0497,0.9503,0.0207,0.0786,0.9214,0.9793
55-60,Germany,2014,man,0.0602,0.9398,0.0311,0.0893,0.9107,0.9689
60-65,Germany,2014,man,0.0821,0.9179,0.0512,0.1129,0.8871,0.9488
65-70,Germany,2014,man,0.0932,0.9068,0.0613,0.1251,0.8749,0.9387
70-75,Germany,2014,man,0.1356,0.8644,0.0950,0.1761,0.8239,0.9050
75-80,Germany,2014,man,0.1433,0.8567,0.0985,0.1881,0.8119,0.9015
80-85,Germany,2014,man,0.2515,0.7485,0.1647,0.3383,0.6617,0.8353
85-90,Germany,2014,man,0.3158,0.6842,0.1901,0.4414,0.5586,0.8099
90+,Germany,2014,man,0.3712,0.6288,0.1204,0.6219,0.3781,0.8796
50-55,Sweden,2014,man,0.0637,0.9363,0.0533,0.0741,0.9259,0.9467
55-60,Sweden,2014,man,0.0373,0.9627,-0.0026,0.0771,0.9229,1.0026
60-65,Sweden,2014,man,0.0461,0.9539,0.0145,0.0777,0.9223,0.9855
65-70,Sweden,2014,man,0.0713,0.9287,0.0453,0.0974,0.9026,0.9547
70-75,Sweden,2014,man,0.0895,0.9105,0.0558,0.1233,0.8767,0.9442
75-80,Sweden,2014,man,0.1229,0.8771,0.0821,0.1638,0.8362,0.9179
80-85,Sweden,2014,man,0.1385,0.8615,0.0834,0.1935,0.8065,0.9166
85-90,Sweden,2014,man,0.2031,0.7969,0.1247,0.2815,0.7185,0.8753
90+,Sweden,2014,man,0.2849,0.7151,0.1327,0.4371,0.5629,0.8673
50-55,Spain,2014,man,0.0026,0.9974,-0.0012,0.0065,0.9935,1.0012
55-60,Spain,2014,man,0.0290,0.9710,-0.0091,0.0671,0.9329,1.0091
60-65,Spain,2014,man,0.0787,0.9213,0.0351,0.1223,0.8777,0.9649
65-70,Spain,2014,man,0.0574,0.9426,0.0251,0.0897,0.9103,0.9749
70-75,Spain,2014,man,0.1146,0.8854,0.0602,0.1689,0.8311,0.9398
75-80,Spain,2014,man,0.1190,0.8810,0.0765,0.1616,0.8384,0.9235
80-85,Spain,2014,man,0.2132,0.7868,0.1445,0.2819,0.7181,0.8555
85-90,Spain,2014,man,0.3509,0.6491,0.2302,0.4717,0.5283,0.7698
90+,Spain,2014,man,0.4093,0.5907,0.2398,0.5789,0.4211,0.7602
50-55,Italy,2014,man,0.0215,0.9785,0.0008,0.0422,0.9578,0.9992
55-60,Italy,2014,man,0.0354,0.9646,0.0103,0.0605,0.9395,0.9897
60-65,Italy,2014,man,0.0588,0.9412,0.0339,0.0837,0.9163,0.9661
65-70,Italy,2014,man,0.0578,0.9422,0.0353,0.0804,0.9196,0.9647
70-75,Italy,2014,man,0.0581,0.9419,0.0317,0.0845,0.9155,0.9683
75-80,Italy,2014,man,0.1433,0.8567,0.0999,0.1867,0.8133,0.9001
80-85,Italy,2014,man,0.2050,0.7950,0.1430,0.2669,0.7331,0.8570
85-90,Italy,2014,man,0.3835,0.6165,0.2600,0.5071,0.4929,0.7400
90+,Italy,2014,man,0.5151,0.4849,0.2634,0.7669,0.2331,0.7366
50-55,France,2014,man,0.0861,0.9139,0.0437,0.1284,0.8716,0.9563
55-60,France,2014,man,0.0682,0.9318,0.0306,0.1058,0.8942,0.9694
60-65,France,2014,man,0.0602,0.9398,0.0355,0.0850,0.9150,0.9645
65-70,France,2014,man,0.0932,0.9068,0.0641,0.1223,0.8777,0.9359
70-75,France,2014,man,0.1636,0.8364,0.1035,0.2238,0.7762,0.8965
75-80,France,2014,man,0.1808,0.8192,0.1339,0.2276,0.7724,0.8661
80-85,France,2014,man,0.3051,0.6949,0.2358,0.3745,0.6255,0.7642
85-90,France,2014,man,0.3803,0.6197,0.2609,0.4996,0.5004,0.7391
90+,France,2014,man,0.6517,0.3483,0.4652,0.8383,0.1617,0.5348
50-55,Denmark,2014,man,0.0529,0.9471,0.0397,0.0660,0.9340,0.9603
55-60,Denmark,2014,man,0.0502,0.9498,0.0201,0.0802,0.9198,0.9799
60-65,Denmark,2014,man,0.0761,0.9239,0.0399,0.1123,0.8877,0.9601
65-70,Denmark,2014,man,0.0757,0.9243,0.0598,0.0916,0.9084,0.9402
70-75,Denmark,2014,man,0.0904,0.9096,0.0286,0.1522,0.8478,0.9714
75-80,Denmark,2014,man,0.1080,0.8920,0.0043,0.2117,0.7883,0.9957
80-85,Denmark,2014,man,0.2550,0.7450,0.1995,0.3106,0.6894,0.8005
85-90,Denmark,2014,man,0.2695,0.7305,0.0138,0.5252,0.4748,0.9862
90+,Denmark,2014,man,0.4322,0.5678,0.2236,0.6407,0.3593,0.7764
50-55,Greece,2014,man,0.0153,0.9847,-0.0002,0.0308,0.9692,1.0002
55-60,Greece,2014,man,0.0203,0.9797,0.0032,0.0373,0.9627,0.9968
60-65,Greece,2014,man,0.0188,0.9812,0.0028,0.0348,0.9652,0.9972
65-70,Greece,2014,man,0.0583,0.9417,0.0277,0.0888,0.9112,0.9723
70-75,Greece,2014,man,0.0533,0.9467,0.0261,0.0805,0.9195,0.9739
75-80,Greece,2014,man,0.1026,0.8974,0.0627,0.1425,0.8575,0.9373
80-85,Greece,2014,man,0.1387,0.8613,0.0841,0.1933,0.8067,0.9159
85-90,Greece,2014,man,0.2501,0.7499,0.1577,0.3426,0.6574,0.8423
90+,Greece,2014,man,0.4305,0.5695,0.2359,0.6251,0.3749,0.7641
50-55,Switzerland,2014,man,0.0295,0.9705,-0.0251,0.0842,0.9158,1.0251
55-60,Switzerland,2014,man,0.0378,0.9622,0.0094,0.0662,0.9338,0.9906
60-65,Switzerland,2014,man,0.0307,0.9693,0.0075,0.0540,0.9460,0.9925
65-70,Switzerland,2014,man,0.0759,0.9241,0.0423,0.1095,0.8905,0.9577
70-75,Switzerland,2014,man,0.0433,0.9567,0.0133,0.0733,0.9267,0.9867
75-80,Switzerland,2014,man,0.0736,0.9264,0.0215,0.1258,0.8742,0.9785
80-85,Switzerland,2014,man,0.0985,0.9015,0.0449,0.1520,0.8480,0.9551
85-90,Switzerland,2014,man,0.2110,0.7890,0.1113,0.3107,0.6893,0.8887
90+,Switzerland,2014,man,0.4497,0.5503,0.1437,0.7558,0.2442,0.8563
50-55,Belgium,2014,man,0.0641,0.9359,0.0262,0.1020,0.8980,0.9738
55-60,Belgium,2014,man,0.0677,0.9323,0.0282,0.1072,0.8928,0.9718
60-65,Belgium,2014,man,0.1091,0.8909,0.0801,0.1381,0.8619,0.9199
65-70,Belgium,2014,man,0.1092,0.8908,0.0802,0.1381,0.8619,0.9198
70-75,Belgium,2014,man,0.1777,0.8223,0.1321,0.2234,0.7766,0.8679
75-80,Belgium,2014,man,0.1623,0.8377,0.1106,0.2140,0.7860,0.8894
80-85,Belgium,2014,man,0.2277,0.7723,0.1648,0.2906,0.7094,0.8352
85-90,Belgium,2014,man,0.2743,0.7257,0.1776,0.3710,0.6290,0.8224
90+,Belgium,2014,man,0.4531,0.5469,0.3182,0.5880,0.4120,0.6818
50-55,Israel,2014,man,0.0000,1.0000,0.0000,0.0000,1.0000,1.0000
55-60,Israel,2014,man,0.0304,0.9696,-0.0031,0.0639,0.9361,1.0031
60-65,Israel,2014,man,0.0568,0.9432,0.0196,0.0941,0.9059,0.9804
65-70,Israel,2014,man,0.0694,0.9306,0.0352,0.1036,0.8964,0.9648
70-75,Israel,2014,man,0.0906,0.9094,0.0336,0.1475,0.8525,0.9664
75-80,Israel,2014,man,0.1614,0.8386,0.0880,0.2349,0.7651,0.9120
80-85,Israel,2014,man,0.2087,0.7913,0.1244,0.2930,0.7070,0.8756
85-90,Israel,2014,man,0.4678,0.5322,0.2744,0.6611,0.3389,0.7256
90+,Israel,2014,man,0.7239,0.2761,0.5304,0.9173,0.0827,0.4696
50-55,Czechia,2014,man,0.1110,0.8890,-0.0126,0.2346,0.7654,1.0126
55-60,Czechia,2014,man,0.0907,0.9093,0.0179,0.1636,0.8364,0.9821
60-65,Czechia,2014,man,0.1286,0.8714,0.0833,0.1739,0.8261,0.9167
65-70,Czechia,2014,man,0.0979,0.9021,0.0646,0.1313,0.8687,0.9354
70-75,Czechia,2014,man,0.1156,0.8844,0.0751,0.1560,0.8440,0.9249
75-80,Czechia,2014,man,0.1872,0.8128,0.1290,0.2454,0.7546,0.8710
80-85,Czechia,2014,man,0.1897,0.8103,0.1194,0.2599,0.7401,0.8806
85-90,Czechia,2014,man,0.3512,0.6488,0.1586,0.5438,0.4562,0.8414
90+,Czechia,2014,man,0.2320,0.7680,-0.0284,0.4923,0.5077,1.0284
50-55,Poland,2014,man,0.0754,0.9246,0.0139,0.1369,0.8631,0.9861
55-60,Poland,2014,man,0.0737,0.9263,0.0219,0.1256,0.8744,0.9781
60-65,Poland,2014,man,0.1507,0.8493,0.1178,0.1835,0.8165,0.8822
65-70,Poland,2014,man,0.1000,0.9000,0.0565,0.1435,0.8565,0.9435
70-75,Poland,2014,man,0.1920,0.8080,0.1361,0.2479,0.7521,0.8639
75-80,Poland,2014,man,0.2176,0.7824,0.1238,0.3115,0.6885,0.8762
80-85,Poland,2014,man,0.2947,0.7053,0.2356,0.3538,0.6462,0.7644
85-90,Poland,2014,man,0.4041,0.5959,0.1400,0.6681,0.3319,0.8600
90+,Poland,2014,man,0.3861,0.6139,0.2975,0.4746,0.5254,0.7025
50-55,Luxembourg,2014,man,0.0228,0.9772,-0.0145,0.0602,0.9398,1.0145
55-60,Luxembourg,2014,man,0.0433,0.9567,0.0078,0.0788,0.9212,0.9922
60-65,Luxembourg,2014,man,0.0524,0.9476,0.0104,0.0944,0.9056,0.9896
65-70,Luxembourg,2014,man,0.0497,0.9503,0.0206,0.0787,0.9213,0.9794
70-75,Luxembourg,2014,man,0.1083,0.8917,0.0543,0.1623,0.8377,0.9457
75-80,Luxembourg,2014,man,0.1297,0.8703,0.0711,0.1883,0.8117,0.9289
80-85,Luxembourg,2014,man,0.2917,0.7083,0.1827,0.4008,0.5992,0.8173
85-90,Luxembourg,2014,man,0.2685,0.7315,0.2084,0.3286,0.6714,0.7916
90+,Luxembourg,2014,man,0.2849,0.7151,0.1697,0.4001,0.5999,0.8303
50-55,Portugal,2014,man,0.0624,0.9376,-0.0686,0.1934,0.8066,1.0686
55-60,Portugal,2014,man,0.1535,0.8465,-0.0030,0.3101,0.6899,1.0030
60-65,Portugal,2014,man,0.0651,0.9349,0.0141,0.1161,0.8839,0.9859
65-70,Portugal,2014,man,0.0941,0.9059,0.0338,0.1543,0.8457,0.9662
70-75,Portugal,2014,man,0.2329,0.7671,0.0800,0.3857,0.6143,0.9200
75-80,Portugal,2014,man,0.1532,0.8468,0.0495,0.2569,0.7431,0.9505
80-85,Portugal,2014,man,0.4721,0.5279,0.2037,0.7405,0.2595,0.7963
85-90,Portugal,2014,man,0.5312,0.4688,0.2090,0.8533,0.1467,0.7910
90+,Portugal,2014,man,0.3630,0.6370,-0.0863,0.8124,0.1876,1.0863
50-55,Slovenia,2014,man,0.0749,0.9251,0.0213,0.1286,0.8714,0.9787
55-60,Slovenia,2014,man,0.0581,0.9419,0.0306,0.0855,0.9145,0.9694
60-65,Slovenia,2014,man,0.0714,0.9286,0.0458,0.0971,0.9029,0.9542
65-70,Slovenia,2014,man,0.0877,0.9123,0.0507,0.1248,0.8752,0.9493
70-75,Slovenia,2014,man,0.1464,0.8536,0.1025,0.1903,0.8097,0.8975
75-80,Slovenia,2014,man,0.2336,0.7664,0.1639,0.3032,0.6968,0.8361
80-85,Slovenia,2014,man,0.2582,0.7418,0.1846,0.3318,0.6682,0.8154
85-90,Slovenia,2014,man,0.1786,0.8214,0.0754,0.2818,0.7182,0.9246
90+,Slovenia,2014,man,0.2801,0.7199,0.0585,0.5017,0.4983,0.9415
50-55,Estonia,2014,man,0.0367,0.9633,0.0156,0.0577,0.9423,0.9844
55-60,Estonia,2014,man,0.0949,0.9051,0.0265,0.1634,0.8366,0.9735
60-65,Estonia,2014,man,0.0840,0.9160,0.0651,0.1030,0.8970,0.9349
65-70,Estonia,2014,man,0.1124,0.8876,0.0771,0.1477,0.8523,0.9229
70-75,Estonia,2014,man,0.1348,0.8652,0.1137,0.1559,0.8441,0.8863
75-80,Estonia,2014,man,0.1795,0.8205,0.1635,0.1956,0.8044,0.8365
80-85,Estonia,2014,man,0.2427,0.7573,0.1410,0.3445,0.6555,0.8590
85-90,Estonia,2014,man,0.2677,0.7323,0.1988,0.3366,0.6634,0.8012
90+,Estonia,2014,man,0.3727,0.6273,0.2210,0.5244,0.4756,0.7790
50-55,Croatia,2014,man,0.0495,0.9505,0.0175,0.0815,0.9185,0.9825
55-60,Croatia,2014,man,0.0517,0.9483,0.0135,0.0899,0.9101,0.9865
60-65,Croatia,2014,man,0.0682,0.9318,0.0310,0.1053,0.8947,0.9690
65-70,Croatia,2014,man,0.0669,0.9331,0.0281,0.1057,0.8943,0.9719
70-75,Croatia,2014,man,0.1343,0.8657,0.0746,0.1940,0.8060,0.9254
75-80,Croatia,2014,man,0.0963,0.9037,0.0474,0.1451,0.8549,0.9526
80-85,Croatia,2014,man,0.1543,0.8457,0.0432,0.2654,0.7346,0.9568
85-90,Croatia,2014,man,0.3695,0.6305,0.1789,0.5602,0.4398,0.8211
90+,Croatia,2014,man,0.4433,0.5567,0.0214,0.8653,0.1347,0.9786
50-55,Austria,2014,woman,0.0169,0.9831,-0.0161,0.0500,0.9500,1.0161
55-60,Austria,2014,woman,0.0535,0.9465,0.0222,0.0847,0.9153,0.9778
60-65,Austria,2014,woman,0.0430,0.9570,0.0143,0.0717,0.9283,0.9857
65-70,Austria,2014,woman,0.0391,0.9609,0.0171,0.0610,0.9390,0.9829
70-75,Austria,2014,woman,0.0916,0.9084,0.0574,0.1259,0.8741,0.9426
75-80,Austria,2014,woman,0.1501,0.8499,0.1075,0.1926,0.8074,0.8925
80-85,Austria,2014,woman,0.3602,0.6398,0.2747,0.4456,0.5544,0.7253
85-90,Austria,2014,woman,0.3969,0.6031,0.2994,0.4944,0.5056,0.7006
90+,Austria,2014,woman,0.5869,0.4131,0.4571,0.7167,0.2833,0.5429
50-55,Germany,2014,woman,0.0440,0.9560,0.0197,0.0683,0.9317,0.9803
55-60,Germany,2014,woman,0.0859,0.9141,0.0515,0.1203,0.8797,0.9485
60-65,Germany,2014,woman,0.0501,0.9499,0.0297,0.0705,0.9295,0.9703
65-70,Germany,2014,woman,0.0967,0.9033,0.0617,0.1317,0.8683,0.9383
70-75,Germany,2014,woman,0.1307,0.8693,0.0896,0.1718,0.8282,0.9104
75-80,Germany,2014,woman,0.1714,0.8286,0.1154,0.2274,0.7726,0.8846
80-85,Germany,2014,woman,0.2688,0.7312,0.1877,0.3499,0.6501,0.8123
85-90,Germany,2014,woman,0.3432,0.6568,0.2220,0.4645,0.5355,0.7780
90+,Germany,2014,woman,0.7758,0.2242,0.6015,0.9501,0.0499,0.3985
50-55,Sweden,2014,woman,0.0150,0.9850,-0.0033,0.0334,0.9666,1.0033
55-60,Sweden,2014,woman,0.0718,0.9282,0.0340,0.1096,0.8904,0.9660
60-65,Sweden,2014,woman,0.0754,0.9246,0.0410,0.1099,0.8901,0.9590
65-70,Sweden,2014,woman,0.0749,0.9251,0.0497,0.1000,0.9000,0.9503
70-75,Sweden,2014,woman,0.0706,0.9294,0.0427,0.0985,0.9015,0.9573
75-80,Sweden,2014,woman,0.1070,0.8930,0.0669,0.1470,0.8530,0.9331
80-85,Sweden,2014,woman,0.1345,0.8655,0.0761,0.1928,0.8072,0.9239
85-90,Sweden,2014,woman,0.2560,0.7440,0.1687,0.3433,0.6567,0.8313
90+,Sweden,2014,woman,0.3310,0.6690,0.2044,0.4577,0.5423,0.7956
50-55,Spain,2014,woman,0.0055,0.9945,-0.0013,0.0124,0.9876,1.0013
55-60,Spain,2014,woman,0.0542,0.9458,0.0000,0.1083,0.8917,1.0000
60-65,Spain,2014,woman,0.0671,0.9329,0.0341,0.1002,0.8998,0.9659
65-70,Spain,2014,woman,0.0682,0.9318,0.0369,0.0995,0.9005,0.9631
70-75,Spain,2014,woman,0.1288,0.8712,0.0831,0.1746,0.8254,0.9169
75-80,Spain,2014,woman,0.1559,0.8441,0.1062,0.2056,0.7944,0.8938
80-85,Spain,2014,woman,0.2904,0.7096,0.2240,0.3568,0.6432,0.7760
85-90,Spain,2014,woman,0.4324,0.5676,0.3441,0.5206,0.4794,0.6559
90+,Spain,2014,woman,0.6476,0.3524,0.5223,0.7730,0.2270,0.4777
50-55,Italy,2014,woman,0.0501,0.9499,0.0101,0.0902,0.9098,0.9899
55-60,Italy,2014,woman,0.0300,0.9700,0.0144,0.0457,0.9543,0.9856
60-65,Italy,2014,woman,0.0458,0.9542,0.0251,0.0664,0.9336,0.9749
65-70,Italy,2014,woman,0.0954,0.9046,0.0664,0.1243,0.8757,0.9336
70-75,Italy,2014,woman,0.1110,0.8890,0.0767,0.1452,0.8548,0.9233
75-80,Italy,2014,woman,0.1974,0.8026,0.1500,0.2448,0.7552,0.8500
80-85,Italy,2014,woman,0.3214,0.6786,0.2490,0.3938,0.6062,0.7510
85-90,Italy,2014,woman,0.4795,0.5205,0.3799,0.5790,0.4210,0.6201
90+,Italy,2014,woman,0.7376,0.2624,0.5934,0.8818,0.1182,0.4066
50-55,France,2014,woman,0.0698,0.9302,0.0322,0.1075,0.8925,0.9678
55-60,France,2014,woman,0.0719,0.9281,0.0393,0.1045,0.8955,0.9607
60-65,France,2014,woman,0.1058,0.8942,0.0656,0.1460,0.8540,0.9344
65-70,France,2014,woman,0.0648,0.9352,0.0343,0.0953,0.9047,0.9657
70-75,France,2014,woman,0.1113,0.8887,0.0695,0.1531,0.8469,0.9305
75-80,France,2014,woman,0.2080,0.7920,0.1568,0.2593,0.7407,0.8432
80-85,France,2014,woman,0.3048,0.6952,0.2455,0.3642,0.6358,0.7545
85-90,France,2014,woman,0.3859,0.6141,0.3102,0.4617,0.5383,0.6898
90+,France,2014,woman,0.6728,0.3272,0.5852,0.7603,0.2397,0.4148
50-55,Denmark,2014,woman,0.0673,0.9327,0.0488,0.0858,0.9142,0.9512
55-60,Denmark,2014,woman,0.0440,0.9560,0.0182,0.0698,0.9302,0.9818
60-65,Denmark,2014,woman,0.0254,0.9746,0.0135,0.0372,0.9628,0.9865
65-70,Denmark,2014,woman,0.0652,0.9348,0.0388,0.0917,0.9083,0.9612
70-75,Denmark,2014,woman,0.0805,0.9195,0.0744,0.0867,0.9133,0.9256
75-80,Denmark,2014,woman,0.1149,0.8851,0.1016,0.1283,0.8717,0.8984
80-85,Denmark,2014,woman,0.1694,0.8306,0.1064,0.2324,0.7676,0.8936
85-90,Denmark,2014,woman,0.2346,0.7654,0.1613,0.3079,0.6921,0.8387
90+,Denmark,2014,woman,0.4257,0.5743,0.4092,0.4422,0.5578,0.5908
50-55,Greece,2014,woman,0.0199,0.9801,0.0021,0.0377,0.9623,0.9979
55-60,Greece,2014,woman,0.0323,0.9677,0.0083,0.0563,0.9437,0.9917
60-65,Greece,2014,woman,0.0495,0.9505,0.0276,0.0714,0.9286,0.9724
65-70,Greece,2014,woman,0.0420,0.9580,0.0214,0.0626,0.9374,0.9786
70-75,Greece,2014,woman,0.0850,0.9150,0.0477,0.1223,0.8777,0.9523
75-80,Greece,2014,woman,0.1845,0.8155,0.1415,0.2274,0.7726,0.8585
80-85,Greece,2014,woman,0.1636,0.8364,0.1162,0.2110,0.7890,0.8838
85-90,Greece,2014,woman,0.3956,0.6044,0.3142,0.4771,0.5229,0.6858
90+,Greece,2014,woman,0.5134,0.4866,0.3123,0.7146,0.2854,0.6877
50-55,Switzerland,2014,woman,0.0000,1.0000,0.0000,0.0000,1.0000,1.0000
55-60,Switzerland,2014,woman,0.0399,0.9601,0.0193,0.0605,0.9395,0.9807
60-65,Switzerland,2014,woman,0.0255,0.9745,0.0066,0.0444,0.9556,0.9934
65-70,Switzerland,2014,woman,0.0543,0.9457,0.0233,0.0853,0.9147,0.9767
70-75,Switzerland,2014,woman,0.0291,0.9709,0.0067,0.0514,0.9486,0.9933
75-80,Switzerland,2014,woman,0.1192,0.8808,0.0795,0.1588,0.8412,0.9205
80-85,Switzerland,2014,woman,0.1601,0.8399,0.0766,0.2437,0.7563,0.9234
85-90,Switzerland,2014,woman,0.2636,0.7364,0.1563,0.3708,0.6292,0.8437
90+,Switzerland,2014,woman,0.3778,0.6222,0.2411,0.5144,0.4856,0.7589
50-55,Belgium,2014,woman,0.0986,0.9014,0.0582,0.1391,0.8609,0.9418
55-60,Belgium,2014,woman,0.0588,0.9412,0.0350,0.0827,0.9173,0.9650
60-65,Belgium,2014,woman,0.1116,0.8884,0.0824,0.1409,0.8591,0.9176
65-70,Belgium,2014,woman,0.1011,0.8989,0.0754,0.1267,0.8733,0.9246
70-75,Belgium,2014,woman,0.1660,0.8340,0.1278,0.2041,0.7959,0.8722
75-80,Belgium,2014,woman,0.2525,0.7475,0.2027,0.3022,0.6978,0.7973
80-85,Belgium,2014,woman,0.3346,0.6654,0.2745,0.3948,0.6052,0.7255
85-90,Belgium,2014,woman,0.5347,0.4653,0.4638,0.6056,0.3944,0.5362
90+,Belgium,2014,woman,0.6848,0.3152,0.5781,0.7915,0.2085,0.4219
50-55,Israel,2014,woman,0.0424,0.9576,-0.0104,0.0953,0.9047,1.0104
55-60,Israel,2014,woman,0.0534,0.9466,-0.0092,0.1160,0.8840,1.0092
60-65,Israel,2014,woman,0.0417,0.9583,0.0139,0.0696,0.9304,0.9861
65-70,Israel,2014,woman,0.0544,0.9456,0.0233,0.0855,0.9145,0.9767
70-75,Israel,2014,woman,0.1869,0.8131,0.1153,0.2585,0.7415,0.8847
75-80,Israel,2014,woman,0.1454,0.8546,0.0855,0.2052,0.7948,0.9145
80-85,Israel,2014,woman,0.3273,0.6727,0.2269,0.4278,0.5722,0.7731
85-90,Israel,2014,woman,0.4551,0.5449,0.3222,0.5879,0.4121,0.6778
90+,Israel,2014,woman,0.8033,0.1967,0.6380,0.9687,0.0313,0.3620
50-55,Czechia,2014,woman,0.0317,0.9683,-0.0070,0.0704,0.9296,1.0070
55-60,Czechia,2014,woman,0.0500,0.9500,0.0257,0.0742,0.9258,0.9743
60-65,Czechia,2014,woman,0.0644,0.9356,0.0417,0.0871,0.9129,0.9583
65-70,Czechia,2014,woman,0.1031,0.8969,0.0727,0.1336,0.8664,0.9273
70-75,Czechia,2014,woman,0.1438,0.8562,0.1081,0.1795,0.8205,0.8919
75-80,Czechia,2014,woman,0.1885,0.8115,0.1372,0.2397,0.7603,0.8628
80-85,Czechia,2014,woman,0.2729,0.7271,0.1941,0.3518,0.6482,0.8059
85-90,Czechia,2014,woman,0.5197,0.4803,0.3935,0.6459,0.3541,0.6065
90+,Czechia,2014,woman,0.6884,0.3116,0.5297,0.8471,0.1529,0.4703
50-55,Poland,2014,woman,0.0743,0.9257,0.0161,0.1326,0.8674,0.9839
55-60,Poland,2014,woman,0.0790,0.9210,0.0357,0.1224,0.8776,0.9643
60-65,Poland,2014,woman,0.0843,0.9157,0.0720,0.0965,0.9035,0.9280
65-70,Poland,2014,woman,0.1182,0.8818,0.0998,0.1365,0.8635,0.9002
70-75,Poland,2014,woman,0.1837,0.8163,0.1610,0.2065,0.7935,0.8390
75-80,Poland,2014,woman,0.2781,0.7219,0.2055,0.3507,0.6493,0.7945
80-85,Poland,2014,woman,0.3418,0.6582,0.3062,0.3774,0.6226,0.6938
85-90,Poland,2014,woman,0.4137,0.5863,0.3863,0.4412,0.5588,0.6137
90+,Poland,2014,woman,0.8250,0.1750,0.7613,0.8888,0.1112,0.2387
50-55,Luxembourg,2014,woman,0.0228,0.9772,-0.0005,0.0461,0.9539,1.0005
55-60,Luxembourg,2014,woman,0.0544,0.9456,0.0301,0.0788,0.9212,0.9699
60-65,Luxembourg,2014,woman,0.0902,0.9098,0.0468,0.1335,0.8665,0.9532
65-70,Luxembourg,2014,woman,0.0922,0.9078,0.0429,0.1415,0.8585,0.9571
70-75,Luxembourg,2014,woman,0.0853,0.9147,0.0426,0.1280,0.8720,0.9574
75-80,Luxembourg,2014,woman,0.1157,0.8843,0.0259,0.2055,0.7945,0.9741
80-85,Luxembourg,2014,woman,0.2860,0.7140,0.2421,0.3300,0.6700,0.7579
85-90,Luxembourg,2014,woman,0.4992,0.5008,0.3339,0.6644,0.3356,0.6661
90+,Luxembourg,2014,woman,0.5455,0.4545,0.5455,0.5455,0.4545,0.4545
50-55,Portugal,2014,woman,0.0982,0.9018,-0.0200,0.2165,0.7835,1.0200
55-60,Portugal,2014,woman,0.1805,0.8195,0.0823,0.2788,0.7212,0.9177
60-65,Portugal,2014,woman,0.1859,0.8141,0.0945,0.2773,0.7227,0.9055
65-70,Portugal,2014,woman,0.1667,0.8333,0.0657,0.2677,0.7323,0.9343
70-75,Portugal,2014,woman,0.1649,0.8351,0.0822,0.2476,0.7524,0.9178
75-80,Portugal,2014,woman,0.4522,0.5478,0.2265,0.6778,0.3222,0.7735
80-85,Portugal,2014,woman,0.5367,0.4633,0.2888,0.7846,0.2154,0.7112
85-90,Portugal,2014,woman,0.7772,0.2228,0.5688,0.9856,0.0144,0.4312
90+,Portugal,2014,woman,0.7932,0.2068,0.5585,1.0280,-0.0280,0.4415
50-55,Slovenia,2014,woman,0.0582,0.9418,0.0230,0.0933,0.9067,0.9770
55-60,Slovenia,2014,woman,0.0701,0.9299,0.0399,0.1003,0.8997,0.9601
60-65,Slovenia,2014,woman,0.0543,0.9457,0.0314,0.0771,0.9229,0.9686
65-70,Slovenia,2014,woman,0.0790,0.9210,0.0503,0.1078,0.8922,0.9497
70-75,Slovenia,2014,woman,0.1514,0.8486,0.1086,0.1942,0.8058,0.8914
75-80,Slovenia,2014,woman,0.1603,0.8397,0.1154,0.2052,0.7948,0.8846
80-85,Slovenia,2014,woman,0.2849,0.7151,0.2167,0.3532,0.6468,0.7833
85-90,Slovenia,2014,woman,0.2962,0.7038,0.1918,0.4006,0.5994,0.8082
90+,Slovenia,2014,woman,0.6115,0.3885,0.4256,0.7974,0.2026,0.5744
50-55,Estonia,2014,woman,0.0692,0.9308,0.0559,0.0825,0.9175,0.9441
55-60,Estonia,2014,woman,0.0936,0.9064,0.0827,0.1044,0.8956,0.9173
60-65,Estonia,2014,woman,0.0782,0.9218,0.0483,0.1081,0.8919,0.9517
65-70,Estonia,2014,woman,0.1233,0.8767,0.1094,0.1371,0.8629,0.8906
70-75,Estonia,2014,woman,0.1421,0.8579,0.1189,0.1652,0.8348,0.8811
75-80,Estonia,2014,woman,0.2355,0.7645,0.2110,0.2600,0.7400,0.7890
80-85,Estonia,2014,woman,0.3290,0.6710,0.2810,0.3770,0.6230,0.7190
85-90,Estonia,2014,woman,0.3906,0.6094,0.3311,0.4502,0.5498,0.6689
90+,Estonia,2014,woman,0.4587,0.5413,0.4511,0.4663,0.5337,0.5489
50-55,Croatia,2014,woman,0.0477,0.9523,0.0165,0.0790,0.9210,0.9835
55-60,Croatia,2014,woman,0.0638,0.9362,0.0294,0.0982,0.9018,0.9706
60-65,Croatia,2014,woman,0.0830,0.9170,0.0512,0.1149,0.8851,0.9488
65-70,Croatia,2014,woman,0.0892,0.9108,0.0450,0.1335,0.8665,0.9550
70-75,Croatia,2014,woman,0.1146,0.8854,0.0637,0.1655,0.8345,0.9363
75-80,Croatia,2014,woman,0.2310,0.7690,0.1583,0.3037,0.6963,0.8417
80-85,Croatia,2014,woman,0.3217,0.6783,0.1517,0.4917,0.5083,0.8483
85-90,Croatia,2014,woman,0.5178,0.4822,0.3599,0.6757,0.3243,0.6401
90+,Croatia,2014,woman,0.4973,0.5027,0.2605,0.7340,0.2660,0.7395
